{
  "project_info": {
    "project_number": "36227119588",
    "firebase_url": "https://iot2c-8e27c-default-rtdb.firebaseio.com",
    "project_id": "iot2c-8e27c",
    "storage_bucket": "iot2c-8e27c.appspot.com"
  },
  "client": [
    {
      "client_info": {
        "mobilesdk_app_id": "1:36227119588:android:9ce167c8bb787657d06ff1",
        "android_client_info": {
          "package_name": "com.esiot.datafire"
        }
      },
      "oauth_client": [],
      "api_key": [
        {
          "current_key": "AIzaSyBqXu4inIAx-LNlGxFmwrbZBSv2Sih6DfY"
        }
      ],
      "services": {
        "appinvite_service": {
          "other_platform_oauth_client": []
        }
      }
    },
    {
      "client_info": {
        "mobilesdk_app_id": "1:36227119588:android:5efa62f7cc4d0495d06ff1",
        "android_client_info": {
          "package_name": "com.esiot.firebaseapp"
        }
      },
      "oauth_client": [],
      "api_key": [
        {
          "current_key": "AIzaSyBqXu4inIAx-LNlGxFmwrbZBSv2Sih6DfY"
        }
      ],
      "services": {
        "appinvite_service": {
          "other_platform_oauth_client": []
        }
      }
    },
    {
      "client_info": {
        "mobilesdk_app_id": "1:36227119588:android:13d87bdfd06ccb84d06ff1",
        "android_client_info": {
          "package_name": "com.esiot.kotlfire"
        }
      },
      "oauth_client": [],
      "api_key": [
        {
          "current_key": "AIzaSyBqXu4inIAx-LNlGxFmwrbZBSv2Sih6DfY"
        }
      ],
      "services": {
        "appinvite_service": {
          "other_platform_oauth_client": []
        }
      }
    }
  ],
  "configuration_version": "1"
}